Sold_On,Product_Name,Units,Price_Each,Location
"Mar 05, 2026",webcam 1080p,5,89.00,Online
"Jan 11, 2026",webcam 1080p,1,89.00,Online
"Apr 18, 2026",monitor 27 inch,5,349.00,Online
"May 25, 2026",webcam 1080p,3,89.00,Online
"Mar 08, 2026",mechanical keyboard,3,119.00,Online
"Mar 03, 2026",usb-c hub,4,59.50,Online
"Feb 03, 2026",monitor 27 inch,3,349.00,Online
"Apr 28, 2026",usb-c hub,1,59.50,Online
"Jan 03, 2026",laptop stand,5,45.00,Online
"May 25, 2026",wireless mouse,1,29.90,Online
"May 18, 2026",mechanical keyboard,5,119.00,Online
"Mar 09, 2026",mechanical keyboard,3,119.00,Online
"Jan 18, 2026",mechanical keyboard,3,119.00,Online
"Mar 14, 2026",mechanical keyboard,4,119.00,Online
"May 20, 2026",monitor 27 inch,3,349.00,Online
"Jun 06, 2026",monitor 27 inch,5,349.00,Online
"Jan 03, 2026",monitor 27 inch,5,349.00,Online
"Mar 18, 2026",monitor 27 inch,1,349.00,Online
"Feb 04, 2026",usb-c hub,1,59.50,Online
"Jan 28, 2026",monitor 27 inch,5,349.00,Online
"Feb 09, 2026",usb-c hub,3,59.50,Online
"Jun 04, 2026",mechanical keyboard,3,119.00,Online
"Feb 22, 2026",monitor 27 inch,3,349.00,Online
"May 10, 2026",laptop stand,3,45.00,Online
"Jan 14, 2026",wireless mouse,4,29.90,Online
"Mar 12, 2026",wireless mouse,1,29.90,Online
"Mar 27, 2026",mechanical keyboard,3,119.00,Online
"Feb 11, 2026",monitor 27 inch,4,349.00,Online
"May 22, 2026",monitor 27 inch,4,349.00,Online
"May 24, 2026",wireless mouse,1,29.90,Online
"Jan 20, 2026",monitor 27 inch,2,349.00,Online
"May 20, 2026",wireless mouse,3,29.90,Online
"May 30, 2026",webcam 1080p,2,89.00,Online
"Apr 21, 2026",mechanical keyboard,1,119.00,Online
"Mar 20, 2026",usb-c hub,1,59.50,Online
"Apr 02, 2026",mechanical keyboard,2,119.00,Online
"Jun 20, 2026",wireless mouse,3,29.90,Online
"May 24, 2026",laptop stand,5,45.00,Online
"Feb 09, 2026",mechanical keyboard,2,119.00,Online
"Feb 15, 2026",laptop stand,1,45.00,Online
"Feb 30, 2026",laptop stand,1,45.00,Online
"Mar 05, 2026",,3,45.00,Online
"Apr 11, 2026",webcam 1080p,-2,89.00,Online
