Date,Product,Qty,Unit Price,Region
2026-06-13,Wireless Mouse,1,29.90,NSW
2026-03-12,Mechanical Keyboard,2,119.00,NSW
2026-02-05,Monitor 27 inch,1,349.00,NSW
2026-06-23,Monitor 27 inch,5,349.00,NSW
2026-01-23,Webcam 1080p,4,89.00,NSW
2026-01-09,Wireless Mouse,1,29.90,NSW
2026-02-25,Mechanical Keyboard,5,119.00,NSW
2026-06-04,Wireless Mouse,5,29.90,NSW
2026-02-20,Monitor 27 inch,5,349.00,NSW
2026-04-18,Mechanical Keyboard,4,119.00,NSW
2026-05-31,USB-C Hub,1,59.50,NSW
2026-02-10,Monitor 27 inch,4,349.00,NSW
2026-03-29,USB-C Hub,2,59.50,NSW
2026-02-25,USB-C Hub,1,59.50,NSW
2026-01-24,Laptop Stand,1,45.00,NSW
2026-04-02,USB-C Hub,5,59.50,NSW
2026-03-09,Wireless Mouse,4,29.90,NSW
2026-05-18,Wireless Mouse,4,29.90,NSW
2026-01-21,Webcam 1080p,3,89.00,NSW
2026-06-10,Webcam 1080p,3,89.00,NSW
2026-05-28,Mechanical Keyboard,1,119.00,NSW
2026-01-12,Monitor 27 inch,2,349.00,NSW
2026-03-16,Wireless Mouse,2,29.90,NSW
2026-01-26,Laptop Stand,3,45.00,NSW
2026-04-27,Monitor 27 inch,3,349.00,NSW
2026-02-11,USB-C Hub,3,59.50,NSW
2026-02-23,Monitor 27 inch,3,349.00,NSW
2026-06-29,Monitor 27 inch,1,349.00,NSW
2026-06-05,Monitor 27 inch,2,349.00,NSW
2026-05-17,Monitor 27 inch,2,349.00,NSW
2026-02-11,Laptop Stand,4,45.00,NSW
2026-03-11,Monitor 27 inch,5,349.00,NSW
2026-02-26,Monitor 27 inch,3,349.00,NSW
2026-01-15,Mechanical Keyboard,1,119.00,NSW
2026-03-22,Laptop Stand,3,45.00,NSW
2026-01-17,Mechanical Keyboard,5,119.00,NSW
2026-03-22,Mechanical Keyboard,4,119.00,NSW
2026-04-12,Monitor 27 inch,4,349.00,NSW
2026-02-06,USB-C Hub,2,59.50,NSW
2026-03-05,Monitor 27 inch,5,349.00,NSW
2026-05-18,USB-C Hub,5,59.50,NSW
2026-04-20,Webcam 1080p,4,89.00,NSW
2026-04-03,Mechanical Keyboard,2,119.00,NSW
2026-05-11,Laptop Stand,1,45.00,NSW
2026-01-13,Wireless Mouse,2,29.90,NSW
2026-06-10,Mechanical Keyboard,4,119.00,NSW
2026-06-02,Wireless Mouse,4,29.90,NSW
2026-04-08,Webcam 1080p,4,89.00,NSW
2026-05-16,USB-C Hub,5,59.50,NSW
2026-01-03,Monitor 27 inch,1,349.00,NSW
2026-06-24,Webcam 1080p,3,89.00,NSW
2026-06-14,USB-C Hub,1,59.50,NSW
2026-03-17,Laptop Stand,2,45.00,NSW
2026-04-27,Wireless Mouse,3,29.90,NSW
2026-05-09,Mechanical Keyboard,5,119.00,NSW
2026-01-28,Monitor 27 inch,3,349.00,NSW
2026-06-13,Webcam 1080p,5,89.00,NSW
2026-02-20,Mechanical Keyboard,3,119.00,NSW
2026-02-11,Webcam 1080p,5,89.00,NSW
2026-01-01,Webcam 1080p,3,89.00,NSW
