order_date,item,quantity,price,store
06/05/2026,WIRELESS MOUSE,1,$29.90, vic 
03/04/2026,USB-C HUB,2,$59.50, vic 
15/01/2026,MECHANICAL KEYBOARD,5,$119.00, vic 
21/01/2026,WIRELESS MOUSE,4,$29.90, vic 
18/01/2026,WEBCAM 1080P,2,$89.00, vic 
02/02/2026,MONITOR 27 INCH,4,$349.00, vic 
21/05/2026,MECHANICAL KEYBOARD,3,$119.00, vic 
16/05/2026,WEBCAM 1080P,4,$89.00, vic 
24/02/2026,WEBCAM 1080P,2,$89.00, vic 
21/03/2026,LAPTOP STAND,3,$45.00, vic 
23/04/2026,WEBCAM 1080P,4,$89.00, vic 
31/01/2026,MECHANICAL KEYBOARD,2,$119.00, vic 
17/01/2026,USB-C HUB,1,$59.50, vic 
31/05/2026,WEBCAM 1080P,2,$89.00, vic 
31/05/2026,MECHANICAL KEYBOARD,1,$119.00, vic 
19/01/2026,MONITOR 27 INCH,1,$349.00, vic 
28/02/2026,WIRELESS MOUSE,1,$29.90, vic 
26/03/2026,WIRELESS MOUSE,5,$29.90, vic 
02/03/2026,USB-C HUB,4,$59.50, vic 
24/02/2026,WEBCAM 1080P,2,$89.00, vic 
27/05/2026,WEBCAM 1080P,4,$89.00, vic 
04/03/2026,LAPTOP STAND,4,$45.00, vic 
18/02/2026,WIRELESS MOUSE,1,$29.90, vic 
18/06/2026,LAPTOP STAND,3,$45.00, vic 
19/04/2026,LAPTOP STAND,4,$45.00, vic 
14/01/2026,MONITOR 27 INCH,1,$349.00, vic 
16/01/2026,LAPTOP STAND,3,$45.00, vic 
28/01/2026,MECHANICAL KEYBOARD,2,$119.00, vic 
18/02/2026,WEBCAM 1080P,4,$89.00, vic 
05/02/2026,LAPTOP STAND,2,$45.00, vic 
13/03/2026,LAPTOP STAND,2,$45.00, vic 
20/01/2026,LAPTOP STAND,5,$45.00, vic 
26/01/2026,WIRELESS MOUSE,5,$29.90, vic 
04/01/2026,WIRELESS MOUSE,2,$29.90, vic 
12/02/2026,LAPTOP STAND,4,$45.00, vic 
04/05/2026,MECHANICAL KEYBOARD,4,$119.00, vic 
16/01/2026,MECHANICAL KEYBOARD,4,$119.00, vic 
01/01/2026,LAPTOP STAND,3,$45.00, vic 
27/04/2026,USB-C HUB,4,$59.50, vic 
28/06/2026,MONITOR 27 INCH,5,$349.00, vic 
19/06/2026,MONITOR 27 INCH,4,$349.00, vic 
09/02/2026,MECHANICAL KEYBOARD,3,$119.00, vic 
25/02/2026,WIRELESS MOUSE,5,$29.90, vic 
19/05/2026,WIRELESS MOUSE,3,$29.90, vic 
15/01/2026,WIRELESS MOUSE,5,$29.90, vic 
03/05/2026,WEBCAM 1080P,5,$89.00, vic 
10/02/2026,WIRELESS MOUSE,5,$29.90, vic 
21/01/2026,MECHANICAL KEYBOARD,1,$119.00, vic 
02/06/2026,WIRELESS MOUSE,2,$29.90, vic 
14/04/2026,WIRELESS MOUSE,5,$29.90, vic 
06/05/2026,WIRELESS MOUSE,1,$29.90, vic 
03/04/2026,USB-C HUB,2,$59.50, vic 
15/01/2026,MECHANICAL KEYBOARD,5,$119.00, vic 
21/01/2026,WIRELESS MOUSE,4,$29.90, vic 
not a date,Wireless Mouse,2,$29.90,vic
12/03/2026,USB-C Hub,,$59.50,vic
